Model,MSE,RMSE,MAE,MAPE,R2
Linear Regression,0.000343,0.018512,0.013491,1.93098,0.98699
